"User_Email","Profile"
"ava.patel@zylker.com","Choice 1"
"liam.chen@zylker.com","Choice 1"
"mia.rodriguez@zylker.com","Choice 1"
"noah.wilson@zylker.com","Choice 1"
"emma.thompson@zylker.com","Choice 1"
"ethan.brooks@zylker.com","Choice 1"
"sofia.martinez@zylker.com","Choice 1"
"lucas.kim@zylker.com","Choice 1"
"isabella.clark@zylker.com","Choice 1"
"james.anderson@zylker.com","Choice 1"
"olivia.scott@zylker.com","Choice 1"
"benjamin.lee@zylker.com","Choice 1"
"amelia.harris@zylker.com","Choice 1"
"henry.walker@zylker.com","Choice 1"
"charlotte.young@zylker.com","Choice 1"
"alexander.king@zylker.com","Choice 1"
"harper.allen@zylker.com","Choice 1"
"daniel.green@zylker.com","Choice 1"
"evelyn.baker@zylker.com","Choice 1"
"matthew.adams@zylker.com","Choice 1"
"abigail.nelson@zylker.com","Choice 1"
"michael.carter@zylker.com","Choice 1"
"ella.mitchell@zylker.com","Choice 1"
"william.turner@zylker.com","Choice 1"
"grace.phillips@zylker.com","Choice 1"