"Department_Name","Department_Head_Email","Status","Notes"
"Engineering","ava.patel@zylker.com","Active","Owns application architecture, platform reliability, and product engineering delivery."
"Product Management","liam.chen@zylker.com","Active","Defines product roadmap priorities, release scope, and customer requirements."
"Sales","mia.rodriguez@zylker.com","Active","Manages enterprise pipeline, account planning, and quarterly revenue targets."
"Marketing","noah.wilson@zylker.com","Active","Leads brand campaigns, demand generation programs, and market communications."
"Customer Success","emma.thompson@zylker.com","Active","Supports adoption, onboarding milestones, renewals, and customer health reviews."
"Finance","ethan.brooks@zylker.com","Active","Handles budgeting, invoicing, collections, forecasting, and financial reporting."
"Human Resources","sofia.martinez@zylker.com","Active","Coordinates recruiting, employee engagement, benefits, and performance programs."
"Legal","lucas.kim@zylker.com","Active","Reviews contracts, manages compliance requests, and advises on legal risk."
"IT Operations","isabella.clark@zylker.com","Active","Maintains internal systems, device management, service desk, and access controls."
"Security","james.anderson@zylker.com","Active","Oversees security monitoring, incident response, audits, and risk remediation."
"Data Analytics","olivia.scott@zylker.com","Active","Builds dashboards, data models, business metrics, and analytics enablement."
"Procurement","benjamin.lee@zylker.com","Active","Manages vendor sourcing, purchase approvals, contracts, and supplier performance."
"Manufacturing Operations","amelia.harris@zylker.com","Active","Coordinates production planning, capacity tracking, and shop floor execution."
"Quality Assurance","henry.walker@zylker.com","Active","Validates releases, monitors defects, and maintains quality standards."
"Research and Development","charlotte.young@zylker.com","Active","Explores emerging technologies, prototypes concepts, and validates innovation opportunities."
"Facilities","alexander.king@zylker.com","Active","Manages office services, workspace planning, safety checks, and maintenance requests."
"Corporate Communications","harper.allen@zylker.com","Active","Coordinates internal announcements, executive messaging, and media response planning."
"Training and Enablement","daniel.green@zylker.com","Active","Creates learning content, certification paths, and role based enablement programs."
"Business Development","evelyn.baker@zylker.com","Active","Identifies new market opportunities, strategic alliances, and expansion initiatives."
"Partner Relations","matthew.adams@zylker.com","Active","Maintains partner onboarding, joint planning, and channel performance reviews."
"Compliance","abigail.nelson@zylker.com","Active","Tracks policy adherence, regulatory evidence, audit readiness, and control testing."
"Support Operations","michael.carter@zylker.com","Active","Optimizes ticket routing, support metrics, knowledge base quality, and staffing coverage."
"Logistics","ella.mitchell@zylker.com","Inactive","Legacy logistics coordination team retained for historical shipment reference."
"Design","william.turner@zylker.com","Active","Leads user experience design, visual systems, usability reviews, and prototypes."
"Executive Office","grace.phillips@zylker.com","Active","Coordinates executive planning, board materials, leadership reviews, and strategic initiatives."