"history_id","item","revision_label","effective_change_order","snapshot_json","effective_date"
"REV-2026-0001","RES-001249","01","ECO-2026-0047","{""apn"":""RES-001249"",""revision"":""01"",""part_status"":""Released"",""lifecycle_phase"":""Production"",""reason"":""Released tolerance note for sensor hub BOM""}","03-Aug-2026 08:52:14"
"REV-2026-0002","CAP-000983","01","ECO-2026-0045","{""apn"":""CAP-000983"",""revision"":""01"",""part_status"":""Released"",""lifecycle_phase"":""Production"",""reason"":""Lower ESR capacitor snapshot for ripple improvement""}","03-Aug-2026 11:58:33"
"REV-2026-0003","IND-000377","00","ECO-2026-0047","{""apn"":""IND-000377"",""revision"":""00"",""part_status"":""In_Work"",""lifecycle_phase"":""Design"",""reason"":""Design snapshot pending DCR and thermal review""}","03-Aug-2026 16:08:44"
"REV-2026-0004","CON-000742","02","ECO-2026-0046","{""apn"":""CON-000742"",""revision"":""02"",""part_status"":""Released"",""lifecycle_phase"":""Production"",""reason"":""Low profile service connector release snapshot""}","08-Aug-2026 10:05:45"
"REV-2026-0005","SWT-000290","00","PCO-2026-0033","{""apn"":""SWT-000290"",""revision"":""00"",""part_status"":""Obsolete"",""lifecycle_phase"":""Abandoned"",""reason"":""Obsolete duplicate tactile switch snapshot""}","12-Aug-2026 09:42:18"
"REV-2026-0006","PCB-000519","02","ECO-2026-0048","{""apn"":""PCB-000519"",""revision"":""02"",""part_status"":""Released"",""lifecycle_phase"":""Production"",""reason"":""PCB revision B release snapshot""}","05-Aug-2026 12:30:20"
"REV-2026-0007","MOT-00165","00","DEV-2026-0017","{""apn"":""MOT-00165"",""revision"":""00"",""part_status"":""In_Work"",""lifecycle_phase"":""Design"",""reason"":""Motor design snapshot with encoder routing deviation""}","06-Aug-2026 16:48:51"
"REV-2026-0008","GEA-00094","01","MCO-2026-0031","{""apn"":""GEA-00094"",""revision"":""01"",""part_status"":""Released"",""lifecycle_phase"":""Production"",""reason"":""Gearbox work cell tooling snapshot""}","07-Aug-2026 09:12:36"
"REV-2026-0009","BRG-00448","00","MCO-2026-0032","{""apn"":""BRG-00448"",""revision"":""00"",""part_status"":""Released"",""lifecycle_phase"":""Production"",""reason"":""Bearing fixture instruction snapshot""}","08-Aug-2026 12:44:09"
"REV-2026-0010","FAS-01323","00","MCO-2026-0027","{""apn"":""FAS-01323"",""revision"":""00"",""part_status"":""Released"",""lifecycle_phase"":""Production"",""reason"":""Stainless screw kitting snapshot""}","09-Aug-2026 17:21:03"
"REV-2026-0011","ENC-00212","00","ECO-2026-0049","{""apn"":""ENC-00212"",""revision"":""00"",""part_status"":""Released"",""lifecycle_phase"":""Production"",""reason"":""Enclosure gasket and clearance snapshot""}","24-Aug-2026 14:18:27"
"REV-2026-0012","CBH-000138","01","MCO-2026-0028","{""apn"":""CBH-000138"",""revision"":""01"",""part_status"":""Released"",""lifecycle_phase"":""Production"",""reason"":""Harness strain relief release snapshot""}","11-Aug-2026 14:05:52"
"REV-2026-0013","PSA-000089","00","ECO-2026-0052","{""apn"":""PSA-000089"",""revision"":""00"",""part_status"":""In_Work"",""lifecycle_phase"":""Design"",""reason"":""Power supply sourcing change cancelled snapshot""}","31-Aug-2026 16:10:24"
"REV-2026-0014","SEN-000305","01","ECO-2026-0047","{""apn"":""SEN-000305"",""revision"":""01"",""part_status"":""Released"",""lifecycle_phase"":""Production"",""reason"":""IMU calibration and pull up option snapshot""}","14-Aug-2026 15:36:19"
"REV-2026-0015","CTL-000058","01","ECO-2026-0049","{""apn"":""CTL-000058"",""revision"":""01"",""part_status"":""In_Work"",""lifecycle_phase"":""Production"",""reason"":""Control panel connector layout snapshot""}","24-Aug-2026 15:22:41"
"REV-2026-0016","IGD-0043","00","PCO-2026-0034","{""apn"":""IGD-0043"",""revision"":""00"",""part_status"":""In_Work"",""lifecycle_phase"":""Design"",""reason"":""Installation guide template update snapshot""}","29-Aug-2026 11:08:50"
"REV-2026-0017","TPR-0117","01","PCO-2026-0030","{""apn"":""TPR-0117"",""revision"":""01"",""part_status"":""Released"",""lifecycle_phase"":""Production"",""reason"":""Burn in procedure communication check snapshot""}","17-Aug-2026 10:48:32"
"REV-2026-0018","CMP-0032","01","PCO-2026-0032","{""apn"":""CMP-0032"",""revision"":""01"",""part_status"":""Released"",""lifecycle_phase"":""Production"",""reason"":""Compliance certificate link snapshot""}","18-Aug-2026 17:04:28"
"REV-2026-0019","UMN-0077","01","ECO-2026-0049","{""apn"":""UMN-0077"",""revision"":""01"",""part_status"":""In_Work"",""lifecycle_phase"":""Production"",""reason"":""User manual diagnostic screen refresh snapshot""}","24-Aug-2026 09:57:06"
"REV-2026-0020","EFW-00206","02","ECO-2026-0051","{""apn"":""EFW-00206"",""revision"":""02"",""part_status"":""Released"",""lifecycle_phase"":""Production"",""reason"":""Firmware checksum retry release snapshot""}","20-Aug-2026 12:12:43"
"REV-2026-0021","BLD-00035","01","DEV-2026-0016","{""apn"":""BLD-00035"",""revision"":""01"",""part_status"":""Released"",""lifecycle_phase"":""Production"",""reason"":""Bootloader preload deviation snapshot""}","21-Aug-2026 13:47:55"
"REV-2026-0022","CFG-00065","03","PCO-2026-0031","{""apn"":""CFG-00065"",""revision"":""03"",""part_status"":""Released"",""lifecycle_phase"":""Production"",""reason"":""Configuration tool signature check snapshot""}","24-Aug-2026 09:32:16"
"REV-2026-0023","RCT-0153","00","ECO-2026-0050","{""apn"":""RCT-0153"",""revision"":""00"",""part_status"":""In_Work"",""lifecycle_phase"":""Production"",""reason"":""Packaging carton artwork update snapshot""}","27-Aug-2026 14:40:02"
"REV-2026-0024","PFI-0220","00","DEV-2026-0018","{""apn"":""PFI-0220"",""revision"":""00"",""part_status"":""Released"",""lifecycle_phase"":""Production"",""reason"":""Foam density deviation completion snapshot""}","28-Aug-2026 12:16:35"
"REV-2026-0025","SLB-0399","00","PCO-2026-0033","{""apn"":""SLB-0399"",""revision"":""00"",""part_status"":""Obsolete"",""lifecycle_phase"":""Obsolete"",""reason"":""Obsolete shipping label block snapshot""}","31-Aug-2026 16:28:12"