"remarks_id","linked_change_order","action","action_by_employee","action_date","remarks"
"APR-2026-0022","ECO-2026-0043","Approved","Ethan Brown","03-Aug-2026 08:45:12","Approved after confirming affected item revisions and release checklist are complete."
"APR-2026-0023","MCO-2026-0026","Comment","Sophia Carter","03-Aug-2026 09:18:34","Please confirm the implementation date aligns with the pilot build schedule."
"APR-2026-0024","ECO-2026-0044","Rejected","Benjamin Scott","03-Aug-2026 10:42:55","Rejected because finance impact details are incomplete and the supplier quote is missing."
"APR-2026-0025","ECO-2026-0043","Comment","Maya Patel","03-Aug-2026 13:05:18","Quality review notes have been added for inspection plan updates."
"APR-2026-0026","MCO-2026-0026","Approved","William Turner","04-Aug-2026 11:27:40","Approved with administrative override after verifying manufacturing readiness evidence."
"APR-2026-0027","ECO-2026-0044","Comment","Noah Williams","04-Aug-2026 15:36:09","Procurement is validating available stock and alternate supplier lead time."
"APR-2026-0028","ECO-2026-0043","Approved","Benjamin Scott","05-Aug-2026 08:52:21","Approved for release routing; downstream documentation tasks are acceptable."
"APR-2026-0029","MCO-2026-0026","Rejected","Ethan Brown","05-Aug-2026 14:18:47","Rejected because the proposed tooling update does not include a validated control plan."
"APR-2026-0030","ECO-2026-0044","Comment","Liam Johnson","06-Aug-2026 09:44:10","Manufacturing requests confirmation that workstation instructions will be revised."
"APR-2026-0031","ECO-2026-0043","Approved","William Turner","06-Aug-2026 16:09:33","Approved after confirming all active approver comments have been addressed."
"APR-2026-0032","MCO-2026-0026","Comment","Ava Thompson","07-Aug-2026 10:25:51","Quality will require first article verification once the change is implemented."
"APR-2026-0033","ECO-2026-0044","Rejected","Benjamin Scott","08-Aug-2026 12:14:29","Rejected pending correction of affected BOM lines and missing validation attachment."
"APR-2026-0034","ECO-2026-0043","Comment","Jacob Wilson","09-Aug-2026 17:30:06","Supplier availability looks acceptable, but purchase order timing should be monitored."
"APR-2026-0035","MCO-2026-0026","Approved","Ethan Brown","10-Aug-2026 09:12:44","Approved with note that implementation must remain within the approved production window."
"APR-2026-0036","ECO-2026-0044","Comment","Emma Rodriguez","11-Aug-2026 13:58:19","Finance review is waiting for final cost rollup from procurement."
"APR-2026-0037","ECO-2026-0043","Approved","Benjamin Scott","12-Aug-2026 10:41:07","Approved after document control confirmed revision traceability."
"APR-2026-0038","MCO-2026-0026","Rejected","William Turner","13-Aug-2026 15:22:36","Rejected because the implementation task owner is not clearly assigned."
"APR-2026-0039","ECO-2026-0044","Comment","Harper Wright","14-Aug-2026 08:49:58","Incoming quality inspection criteria should be updated before release."
"APR-2026-0040","ECO-2026-0043","Approved","Ethan Brown","17-Aug-2026 11:06:25","Approved; audit trail and approval matrix entries are consistent."
"APR-2026-0041","MCO-2026-0026","Comment","Michael Green","18-Aug-2026 16:33:14","Sourcing has confirmed the revised component is available from an approved manufacturer."
"APR-2026-0042","ECO-2026-0044","Approved","William Turner","20-Aug-2026 14:20:45","Approved following administrative review of finance threshold handling."
"APR-2026-0043","ECO-2026-0043","Comment","Charlotte King","24-Aug-2026 09:55:31","Firmware release dependency is noted and should be tracked in implementation tasks."
"APR-2026-0044","MCO-2026-0026","Rejected","Benjamin Scott","27-Aug-2026 15:48:09","Rejected because the revised drawing package was not attached for review."
"APR-2026-0045","ECO-2026-0044","Comment","Mia Anderson","29-Aug-2026 10:11:52","Cost impact is acceptable if the quoted price remains valid through release."
"APR-2026-0046","ECO-2026-0043","Approved","Ethan Brown","31-Aug-2026 16:21:37","Approved for final closure after confirming all remarks have been resolved."