"Evaluation_ID","Vendor","Evaluation_Start_Date","Evaluation_End_Date","Evaluation_Period_Notes","Product_Service_Fit_Rating","Quality_Capability_Rating","Commercial_Rating","Compliance_Rating","Overall_Rating","Evaluation_Result","Recommendation_Notes","Evaluator_Email"
"1","Apex Office Supplies","01-Aug-2026","03-Aug-2026","Reviewed office supply catalog fit delivery reliability and billing accuracy for active purchasing needs.","4.70","4.60","4.50","4.60","4.60","Acceptable","Continue approved vendor status with routine quarterly scorecard review.","sarah.vendor@zylker.com"
"2","Northstar Logistics","03-Aug-2026","03-Aug-2026","Same day review of freight capacity lane coverage shipment visibility and account responsiveness.","4.20","4.10","4.00","4.50","4.20","Acceptable","Approve continued use while monitoring subcontractor documentation and pickup variance.","david.procurement@zylker.com"
"3","ByteBridge Systems","03-Aug-2026","04-Aug-2026","Assessed integration capability technical documentation support readiness and security evidence for planned systems work.","4.50","4.40","4.20","4.30","4.35","Acceptable","Proceed with engagement and request updated change control evidence before renewal.","mia.quality@zylker.com"
"4","GreenField Catering Services","03-Aug-2026","05-Aug-2026","Reviewed catering menu coverage food safety certifications staffing plan and event service references.","4.10","4.30","3.90","3.90","4.05","Acceptable","Approve for corporate catering events with certificate refresh tracked during onboarding.","jonathan.sourcing@zylker.com"
"5","GlobalTech Components","04-Aug-2026","06-Aug-2026","Evaluation found acceptable technical scope but weak lead time commitments and limited backup component sourcing.","2.80","3.00","2.70","2.50","2.75","Needs Improvement","Require a written lead time recovery plan alternate source evidence and monthly delivery checkpoint before additional awards.","leah.evaluations@zylker.com"
"6","Precision Parts Manufacturing","04-Aug-2026","05-Aug-2026","Assessed machining quality defect control engineering responsiveness and commercial stability for critical components.","4.80","4.90","4.60","4.70","4.75","Acceptable","Maintain preferred supplier status and continue monthly quality trend review.","sarah.vendor@zylker.com"
"7","Summit Advisory Partners","05-Aug-2026","07-Aug-2026","Reviewed consulting service scope advisor experience commercial proposal and client reference materials.","3.50","3.40","3.20","3.10","3.30","Acceptable","Approve for limited pilot advisory assignment with closer deliverable tracking.","david.procurement@zylker.com"
"8","Harbor Freight Forwarding","05-Aug-2026","08-Aug-2026","International forwarding review identified recurring customs delays variable documentation quality and limited contingency coverage.","2.20","2.60","2.00","2.40","2.30","Needs Improvement","Require corrective action on customs documentation delay reporting and backup broker coverage before expanded shipment volume.","mia.quality@zylker.com"
"9","CleanWorks Facility Services","06-Aug-2026","07-Aug-2026","Reviewed janitorial scope safety training supervisor coverage supplies plan and service continuity arrangements.","4.00","4.20","4.10","4.10","4.10","Acceptable","Approve continued facility services with periodic site supervisor attendance checks.","jonathan.sourcing@zylker.com"
"10","Meridian Cloud Solutions","06-Aug-2026","08-Aug-2026","Assessed cloud platform fit uptime commitments support model information security responses and pricing structure.","4.60","4.50","4.30","4.60","4.50","Acceptable","Proceed with onboarding and close remaining access review documentation before go live.","leah.evaluations@zylker.com"
"11","Evergreen Packaging Co.","07-Aug-2026","09-Aug-2026","Reviewed packaging specifications fill rate history warehouse responsiveness and sustainability documentation.","4.30","4.40","4.20","4.30","4.30","Acceptable","Continue approved supply relationship with normal inventory and contingency contact review.","sarah.vendor@zylker.com"
"12","Orion Compliance Consulting","07-Aug-2026","10-Aug-2026","Assessed consulting qualifications regulatory coverage data handling procedures and professional indemnity evidence.","4.00","4.10","3.80","4.10","4.00","Acceptable","Approve for compliance advisory work subject to final privacy control confirmation.","david.procurement@zylker.com"
"13","Citywide Courier Network","08-Aug-2026","09-Aug-2026","Reviewed local courier delivery accuracy driver coverage dispatch visibility and same day service reliability.","4.70","4.60","4.40","4.50","4.55","Acceptable","Maintain active courier status and continue SLA monitoring through monthly scorecards.","mia.quality@zylker.com"
"14","BluePeak Industrial Tools","08-Aug-2026","11-Aug-2026","Industrial tools review covered product breadth technical support warranty handling and single plant dependency.","3.90","4.00","3.80","4.10","3.95","Acceptable","Approve with quarterly capacity updates and alternate plant documentation requested.","jonathan.sourcing@zylker.com"
"15","Nova Data Security","09-Aug-2026","11-Aug-2026","Reviewed security monitoring capability audit history incident response process and contractual support commitments.","4.90","4.80","4.70","4.80","4.80","Acceptable","Approve as strategic security vendor with annual attestation and incident contact testing.","leah.evaluations@zylker.com"
"16","Harmony HR Services","09-Aug-2026","12-Aug-2026","Assessed background verification process payroll support capacity privacy controls and service turnaround history.","4.20","4.30","4.10","4.40","4.25","Acceptable","Proceed with onboarding and monitor background check turnaround times during first quarter.","sarah.vendor@zylker.com"
"17","Pacific Imports Group","10-Aug-2026","13-Aug-2026","Review was constrained by incomplete ownership documentation weak product fit evidence and insufficient compliance records.","1.80","1.90","2.00","1.70","1.85","Rejected","Do not onboard until beneficial ownership documents compliance certificates and verifiable references are submitted.","david.procurement@zylker.com"
"18","RapidFleet Transport","10-Aug-2026","14-Aug-2026","Evaluated transport lane capacity safety performance delivery variance and account support responsiveness.","4.10","4.20","4.00","4.30","4.15","Acceptable","Approve continued transport usage with monthly review of route consistency and driver safety indicators.","mia.quality@zylker.com"
"19","BrightLine Marketing Services","11-Aug-2026","15-Aug-2026","Marketing services review found limited category experience incomplete references and weak delivery governance.","1.90","2.00","2.10","1.80","1.95","Rejected","Reject for current scope and reconsider only after stronger references relevant case studies and governance materials are provided.","jonathan.sourcing@zylker.com"
"20","Keystone Hardware Supply","12-Aug-2026","16-Aug-2026","Reviewed hardware inventory depth replacement speed counter service terms and regional delivery responsiveness.","4.40","4.50","4.30","4.40","4.40","Acceptable","Maintain active local supplier status with annual inventory backup arrangement review.","leah.evaluations@zylker.com"
"21","Atlas Strategy Consultants","13-Aug-2026","17-Aug-2026","Assessed strategy consulting team credentials methodology project governance and confidentiality controls.","4.00","4.10","3.90","4.20","4.05","Acceptable","Approve for defined strategy projects with staffing backup plan reviewed before kickoff.","sarah.vendor@zylker.com"
"22","SecureNet Telecommunications","15-Aug-2026","20-Aug-2026","Telecommunications review covered network resilience support model commercial terms and security remediation status.","3.90","3.80","3.70","4.00","3.85","Acceptable","Approve onboarding while tracking resilience evidence and penetration test remediation actions.","david.procurement@zylker.com"
"23","FreshSource Produce","18-Aug-2026","22-Aug-2026","Reviewed produce freshness controls seasonal capacity cold chain procedures and supplier responsiveness.","4.70","4.60","4.50","4.80","4.65","Acceptable","Continue approved produce supply with seasonal capacity planning before peak demand periods.","mia.quality@zylker.com"
"24","ProMed Equipment Services","22-Aug-2026","25-Aug-2026","Assessed medical equipment technician certifications service response time spare parts access and compliance documentation.","4.80","4.70","4.60","4.70","4.70","Acceptable","Maintain active service vendor status and continue certification checks at renewal.","jonathan.sourcing@zylker.com"
"25","DeltaWare Analytics","28-Aug-2026","31-Aug-2026","Reviewed analytics platform capability implementation support data governance responses and initial commercial proposal.","3.30","3.40","3.10","3.20","3.25","Acceptable","Approve for a controlled pilot with data governance evidence confirmed before production use.","leah.evaluations@zylker.com"