"Metrics_ID","Vendor","Review_Month","Reviewer_Email","Order_Count","Total_Order_Value","On_Time_Delivery_Percent","Quality_Acceptance_Percent","Return_Defect_Rate_Percent","SLA_Compliance_Percent","Service_Response_Score","Issue_Count","Performance_Score","Performance_Band","Review_Comments"
"1","Apex Office Supplies","03-Aug-2026","nina.scorecards@zylker.com","148","38420.75","96.40","97.20","1.20","95.50","94.00","1","94.62","Excellent","Strong monthly performance with reliable office supply fulfillment, minimal returns, and quick resolution of the only service exception."
"2","Northstar Logistics","03-Aug-2026","omar.scorecards@zylker.com","96","128750.40","89.20","92.50","2.80","87.40","88.00","4","84.75","Good","Freight delivery remained acceptable with a few pickup variance issues that require continued route and subcontractor monitoring."
"3","ByteBridge Systems","03-Aug-2026","priya.scorecards@zylker.com","42","214600.00","93.50","94.20","1.50","91.80","92.50","2","90.72","Excellent","Integration support was responsive and quality acceptance was high, with only minor documentation rework noted during the review period."
"4","GreenField Catering Services","04-Aug-2026","marcus.scorecards@zylker.com","58","32780.25","86.80","88.60","3.20","85.00","84.50","4","81.56","Good","Catering service levels were satisfactory overall, though late setup at two events and a few menu substitution issues were recorded."
"5","GlobalTech Components","04-Aug-2026","leah.scorecards@zylker.com","73","176940.60","76.40","78.50","6.80","74.00","72.50","9","64.73","Watchlist","Component supply performance remains under watch due to lead time pressure, higher defect activity, and delayed responses on recovery commitments."
"6","Precision Parts Manufacturing","05-Aug-2026","nina.scorecards@zylker.com","121","245890.35","98.10","99.00","0.70","97.50","96.80","1","96.78","Excellent","Excellent manufacturing performance with very low defect levels, consistent delivery, and strong engineering support for priority orders."
"7","Summit Advisory Partners","05-Aug-2026","omar.scorecards@zylker.com","18","58200.00","72.00","75.50","5.50","70.00","71.00","8","62.80","Watchlist","Pilot advisory work showed acceptable potential but deliverable turnaround and evidence quality need closer management before broader use."
"8","Harbor Freight Forwarding","05-Aug-2026","priya.scorecards@zylker.com","64","301420.90","68.50","73.00","8.90","66.00","69.50","11","55.88","Watchlist","International forwarding performance was affected by customs delays and inconsistent documentation, requiring corrective action tracking."
"9","CleanWorks Facility Services","06-Aug-2026","marcus.scorecards@zylker.com","112","74650.10","91.30","93.10","2.10","90.50","89.70","3","87.73","Good","Facility services met expected standards at most sites, with supervisor coverage and minor supply replenishment issues being monitored."
"10","Meridian Cloud Solutions","06-Aug-2026","leah.scorecards@zylker.com","36","412300.00","92.00","95.00","1.80","91.20","93.40","3","89.48","Good","Cloud service performance was strong with stable uptime and support responsiveness, while access review evidence remains a follow-up item."
"11","Evergreen Packaging Co.","07-Aug-2026","nina.scorecards@zylker.com","134","98940.55","95.20","96.60","1.10","94.70","93.80","2","92.91","Excellent","Packaging supplier delivered consistently with high acceptance rates, responsive account support, and minimal shipment defects."
"12","Orion Compliance Consulting","07-Aug-2026","omar.scorecards@zylker.com","21","88750.00","84.00","87.20","3.80","82.50","85.00","5","78.72","Good","Consulting service delivery was generally dependable, though document turnaround and data handling confirmations need continued attention."
"13","Citywide Courier Network","08-Aug-2026","priya.scorecards@zylker.com","206","42580.80","97.80","96.90","0.90","98.20","95.40","1","95.86","Excellent","Courier network performance was excellent with very strong same-day SLA adherence and only one minor dispatch escalation."
"14","BluePeak Industrial Tools","08-Aug-2026","marcus.scorecards@zylker.com","69","118360.45","83.50","84.80","4.30","82.00","80.60","6","75.72","Good","Industrial tools performance was acceptable, but warranty turnaround and alternate plant capacity updates should remain under review."
"15","Nova Data Security","09-Aug-2026","leah.scorecards@zylker.com","44","356900.00","99.00","98.70","0.50","98.80","99.00","0","98.72","Excellent","Security services vendor delivered exceptional response quality, near-perfect SLA compliance, and no open service issues for the period."
"16","Harmony HR Services","09-Aug-2026","nina.scorecards@zylker.com","52","64310.75","88.20","89.50","2.60","86.50","87.70","4","83.37","Good","HR services met service expectations with moderate follow-up needed on background check turnaround for peak hiring requests."
"17","Pacific Imports Group","10-Aug-2026","omar.scorecards@zylker.com","12","39240.00","60.00","65.00","12.00","58.00","62.00","14","43.90","Poor","Performance indicators are weak due to incomplete documentation, quality uncertainty, and frequent unresolved service follow-ups."
"18","RapidFleet Transport","10-Aug-2026","priya.scorecards@zylker.com","101","154890.20","88.90","90.20","3.10","86.80","88.50","5","82.86","Good","Transport performance is improving, with acceptable delivery outcomes and continued need for monthly route consistency monitoring."
"19","BrightLine Marketing Services","11-Aug-2026","marcus.scorecards@zylker.com","16","45280.00","55.00","58.00","15.00","54.00","57.50","13","38.70","Poor","Service performance was below expectations with weak deliverable quality, late responses, and multiple unresolved governance concerns."
"20","Keystone Hardware Supply","12-Aug-2026","leah.scorecards@zylker.com","139","86740.65","96.20","97.10","1.00","95.40","94.80","2","93.73","Excellent","Regional hardware supply performance was strong, supported by reliable stock availability, rapid replacements, and consistent service quality."
"21","Atlas Strategy Consultants","13-Aug-2026","nina.scorecards@zylker.com","24","132500.00","85.30","86.40","3.50","84.20","83.80","5","79.06","Good","Strategy consulting work met baseline expectations, with staffing backup planning and deliverable cadence identified for improvement."
"22","SecureNet Telecommunications","15-Aug-2026","omar.scorecards@zylker.com","37","298760.30","81.40","83.20","4.60","80.50","82.00","6","74.50","Good","Telecommunications services remained acceptable, though resilience documentation and remediation tracking should stay on the action list."
"23","FreshSource Produce","18-Aug-2026","priya.scorecards@zylker.com","118","73420.90","94.50","95.80","1.40","93.60","92.20","2","91.83","Excellent","Produce supplier maintained strong freshness standards, dependable cold chain execution, and timely issue response during seasonal demand."
"24","ProMed Equipment Services","22-Aug-2026","marcus.scorecards@zylker.com","83","188950.70","97.00","98.20","0.80","96.70","95.90","1","95.84","Excellent","Medical equipment service performance was excellent with verified technician readiness, fast response times, and very low repeat service defects."
"25","DeltaWare Analytics","28-Aug-2026","leah.scorecards@zylker.com","15","96750.00","70.50","73.20","7.50","69.00","72.40","9","60.14","Watchlist","Analytics pilot performance requires monitoring due to incomplete governance evidence, moderate service delays, and several open implementation issues."